<?xml version="1.0" encoding="UTF-8"?>
<!DOCTYPE suite SYSTEM "http://testng.org/testng-1.0.dtd">
<suite name="Suite">
  <test name="Test">
  <groups>
  	<run>
  		<include name = "TI_CustLocDefaultCat"/>
  		<include name = "TI_DefLocNoDependency"/>
  		<include name = "TI_ManageLoc"/>
  		<include name = "TI_MultCustomLocCat"/>
  		<include name = "TI_ManageLoc"/>
  		<include name = "TI_Others"/>
		<include name = "TI_UOMValidation"/>
  	</run>
  </groups>
    <classes>
      <class name="com.uom.tests.TrackInventory"/>
    </classes>
  </test> <!-- Test -->
</suite> <!-- Suite -->
